title,rated,point,genre,running,release_date,director,actors,story,temp
올리 마키의 가장 행복한 날,12세 관람가,0.00,"멜로/로맨스, 드라마",93,2022.06.02 ,유호 쿠오스마넨,에로 밀로노프 자코 라티 우나 아이롤라 ,"평범한 제빵사에서 권투 영웅으로 떠오른 ‘올리’ 전 국민이 고대하는 세계 챔피언십을 앞두고 심각한 문제가 생겼다.  “코치님, 솔직하게 말해도 돼요?” “말해봐” “저 사랑에 빠졌어요” “왜 하필… 지금!!”",선호도 정보 없음
"괴물, 유령, 자유인",15세 관람가,0.00,"SF, 멜로/로맨스",77,2022.06.02 ,홍지영,엄태나 윤해신 권기하 ,"성심과 은수는 동성연인이다. 사회에서는 결코 인정하지 않기에 결국 서로에 대한 믿음은 깨지고 사랑은 실패하게 된다. 성심은 삶에 대한 믿음을 잃으며 헤매이고, 은수는 매일 밤 악몽에 시달린다.  한편 배우인 성철은 한 극단에서 스피노자를 연기하게 되면서 유대인 공동체에선 이단자로, 기독교도 사이에서는 무신론자로 낙인찍혀 이중으로 추방당한 스피노자의 삶을 직접 체험하게 되지만, 그 어디에서도 그의 삶에서 해답을 찾을 순 없다.  그들을 짓누르는 것은 무엇일까? 이 시대 진정한 자유의 길은 과연 있기는 한 것일까? 괴물들과 유령들은 자유로워질 수 있을까?",선호도 정보 없음
쥬라기 월드: 도미니언,12세 관람가,6.36,"액션, 모험",147,2022.06.01 ,콜린 트레보로우,크리스 프랫 브라이스 달라스 하워드 ,"공룡들의 터전이었던 이슬라 누블라 섬이 파괴된 후, 마침내 공룡들은 섬을 벗어나 세상 밖으로 출몰한다.  지상에 함께 존재해선 안 될 위협적 생명체인 공룡의 등장으로 인류 역사상 겪어보지 못한 사상 최악의 위기를 맞이한 인간들. 지구의 최상위 포식자 자리를 걸고 인간과 공룡의 최후의 사투가 펼쳐진다.",3%10 30%20 44%30 17%40 6%50
극장판 포켓몬스터DP: 기라티나와 하늘의 꽃다발 쉐이미,전체 관람가,7.45,애니메이션,96,2022.06.01 ,유야마 쿠니히코,이선호 김영선 마츠모토 리카 오오타니 이쿠에 우에다 유지 ,"끝나지 않은 전설의 포켓몬들의 배틀로 위험에 빠진 반전 세계와 현실 세계를 구하기 위해 감사포켓몬 ‘쉐이미’와 ‘지우’, ‘피카츄’가 나서면서 시작되는 모험 이야기",20%10 0%20 40%30 40%40 0%50
카시오페아,12세 관람가,9.37,드라마,102,2022.06.01 ,신연식,안성기 서현진 주예림 ,"이혼 후 변호사, 엄마로 완벽한 삶을 살아가려고 노력하는 수진은 하나뿐인 딸 지나의 미국 유학을 준비하고 있다. 정신없이 바쁜 수진을 위해 아빠 인우가 손녀를 돌보게 되면서 세 사람은 함께 살게 된다. 얼마 후 수진은 교통사고를 당하고, 병원에서 알츠하이머라는 뜻밖의 결과를 듣게 된다. 사랑하는 딸을 잊을까 봐 두려워하는 수진을 위해 아빠 인우는 수진의 곁을 지키고, 기억을 잊어도 살아갈 수 있도록 이들 부녀만의 애틋한 동행이 시작된다.",14%10 29%20 14%30 14%40 29%50
애프터 양,전체 관람가,8.12,"드라마, SF",96,2022.06.01 ,코고나다,콜린 파렐 조디 터너 스미스 저스틴 H. 민 ,"함께 살던 안드로이드 인간 ‘양’이 어느 날 작동을 멈추자 제이크 가족은 그를 수리할 방법을 찾는다. 그러던 중, ‘양’에게서 특별한 메모리 뱅크를 발견하고 그의 기억을 탐험하기 시작하는데…  무엇을 남기고 싶었어, 양?",0%10 40%20 33%30 13%40 13%50
특수요원 빼꼼,전체 관람가,4.60,애니메이션,93,2022.06.01 ,장양,정성원 박시윤 장병관 서정익 ,정보국이 개발한 슈퍼칩으로 엄청난 능력을 얻게 된 특수요원 지망생 ‘빼꼼’은  정식 요원이 되기 위해 열심히 훈련에 임하지만 아무런 임무가 주어지지 않는다. 실망에 빠진 '빼꼼'은 몰래 정보국을 빠져나와 직접 임무를 찾아 나서고 그러던 중 정체를 알 수 없는 악당의 습격으로 슈퍼칩을 빼앗기고 마는데...  과연 '빼꼼'은 의문의 악당에게 빼앗긴 슈퍼칩을 되찾아  진정한 특수요원으로 거듭날 수 있을 것인가!,선호도 정보 없음
이터널 로드,15세 관람가,5.50,드라마,99,2022.05.27 ,안티 주시 안닐라,토미 코펠라 ,"1930년대, 냉전시대의 이념 갈등이라는 혼란에 휘말린 ‘주시 케톨라’ 소위 ‘영원한 길’이라 불리는 소비에트 국경 지역에 강제로 버려진다. 소비에트에 피랍된 ‘주시 케톨라’는 자신의 가족들에게 돌아가기 위해 그의 목숨을 건 탈출을 시도하는데…",선호도 정보 없음
오마주,12세 관람가,8.33,드라마,108,2022.05.26 ,신수원,이정은 권해효 탕준상 이주실 김호정 ,"엄마 영화는 재미없다는 아들과 늘상 밥타령인 남편, 잇따른 흥행 실패로 슬럼프에 빠진 중년의 영화감독 지완. 아르바이트 삼아 60년대에 활동한 한국 두 번째 여성 영화감독 홍은원 감독의 작품 <여판사>의 필름을 복원하게 된다.  사라진 필름을 찾아 홍감독의 마지막 행적을 따라가던 지완은 정체를 알 수 없는 모자 쓴 여성의 그림자와 함께  그 시간 속을 여행하게 되는데...  어쩐지, 희미해진 꿈과 영화에 대한 열정이 되살아나는 것만 같다.",6%10 17%20 28%30 28%40 22%50
몬스터 싱어: 매직 인 파리,전체 관람가,8.62,"애니메이션, 뮤지컬, 모험",90,2022.05.26 ,비보 버거론,바네사 파라디 션 레논 아담 골드버그 대니 휴스턴 프랑수아 클루제 ,1910년 대홍수로 에펠탑마저 물에 잠긴 파리는 안개 낀 도시 곳곳에서 목격된 미스터리한 괴물로 떠들썩하다. 소문의 주인공은 바로 거대 벼룩 ‘프랑코’ 아름다운 목소리와 마음씨를 가졌지만 무서운 외모 때문에 쫓기던 그는 우연히 인기 가수 ‘루실’을 만나 가면을 쓴 가수로 데뷔한다. 그들의 환상적인 공연은 대성공을 거두지만 ‘프랑코’를 수상히 여긴 경찰이 포위망을 좁혀오고 친구들은 ‘프랑코’를 지키기 위해 비밀 작전을 세우는데!,0%10 25%20 25%30 25%40 25%50
명색이 아프레걸,전체 관람가,10.00,공연실황,107,2022.05.26 ,김광보,이소연 ,"1954년 6월, 딸을 낳은 지 사흘 만에 극장에서 영화를 보고 나온 박남옥은 오랜만에 동료들을 만나 전쟁도 끝났으니 ‘전쟁미망인’에 대한 이야기를 다룬 영화를 만들자고 의기투합한다. 친언니로부터 투자받은 돈으로 자신의 집에 세트를 짓고, 학생시절부터 연모하던 배우 김신재에게 여주인공역을 부탁하지만 거절당한다. 일본에서 온 촬영기사 김영준을 소개받은 박남옥은 태어난 지 백일 된 딸을 업고서 ‘레디-고!’를 외치는 한편 몰려오는 구경꾼들을 막고 배우, 스태프의 식사를 준비하는 일까지 도맡으며 어렵사리 촬영을 시작하는데...",선호도 정보 없음
인연을 긋다,12세 관람가,10.00,드라마,71,2022.05.26 ,이정섭,정영숙 김지영 조은숙 ,"끔찍했던 시집살이를 도망치듯 미국으로 떠났던 ‘인숙’ 남편과 함께 20년 만의 고국의 땅을 밟는다  세월이 지나 마주한 세상은 모든 것들이 달라져있었다 자존심 세고 표독스러웠던 시어머니는 치매에 걸렸고 착하디 착했던 동서는 모질고 까칠게 변했다  시어머니를 요양원으로 모시게 된 ‘인숙’은 등 떠밀리듯 동서와 함께 차에 올라타고, 세 사람은 뜻하지 않았던 동행을 시작하게 되는데…  “우리는 진짜 가족이 될 수 있을까?  인연으로 맺어진 세 여인의 특별한 동행이 시작된다!",선호도 정보 없음
그대가 조국,12세 관람가,7.28,다큐멘터리,124,2022.05.25 ,이승준,,대한민국은 민주공화국인가 검찰공화국인가 검찰의 칼날이 그대에게 향하지 않는다고 자신할 수 있는가 사냥이 시작됐다. 검찰이 던진 좌표를 따라 언론은 몰려들고 소문은 꼬리를 문다. 분노한 대중 앞에 검찰은 칼을 휘두른다. 저기 쫓기는 자는 누구인가. 그대가 아니라고 자신할 수 있는가.,1%10 14%20 20%30 41%40 25%50
피는 물보다 진하다,15세 관람가,7.01,액션,90,2022.05.25 ,김희성,조동혁 이완 임정은 ,"최대 청부폭력조직 '백정파'는 무자비함으로 악명 높은 해결사, 일명 '도깨비'를 앞세워 일대를 장악한다.  그러나, 베일에 싸인 ‘도깨비’ 두현은 친형제 같았던 영민의 죄를 뒤집어쓰고 10년의 수감생활을 하게 된다.  한편, 두현이 사라진 사이, ‘도깨비＇행세를 하며 조직을 차지한 영민은 두현의 출소 소식을 듣고 불안에 휩싸인다.  영민은 두현을 먼저 치기로 하고 새 삶을 시작하려던 두현은 결국, 진짜 ‘도깨비’의 부활을 선언하며 영민과 조직을 상대로 싸움을 시작하는데...",0%10 0%20 50%30 50%40 0%50
플레이그라운드,12세 관람가,8.57,드라마,72,2022.05.25 ,로라 완델,마야 반데베크 군터 뒤레 ,막 학교에 입학한 일곱 살 노라는 낯선 학교가 무섭다. 아벨은 동생 노라를 위로하지만 사실 아벨도 학교가 두렵다.  점차 친구도 사귀며 학교생활에 적응해 가는 노라는 우연히 아벨이 친구들에게 괴롭힘 당하는 걸 목격한다. 노라는 어른들에게 이 사실을 알리려 하지만 아벨은 노라가 그저 침묵하길 바라는데…  두 남매가 맞닥뜨린 세상 ‘플레이그라운드’를 만난다,0%10 53%20 26%30 16%40 5%50
안녕하세요,12세 관람가,8.81,드라마,118,2022.05.25 ,차봉주,김환희 유선 이순재 ,"외로운 세상 속에서 죽음을 결심한 열아홉 수미(김환희). ‘죽는 법’을 알려주겠다는 수간호사 서진(유선)의 제안에 따라 늘봄 호스피스 병동을 찾아간다.  이 사람들이 곧 죽을 사람들이라고?! 예상치 못한 유쾌함과 따뜻함이 수미를 반기고, 하루하루를 소중히 살아가는 그들에게 점차 스며들며 세상의 온기를 배워가기 시작하는데…  ‘힐링 메이트’들이 전하는 눈부시게 찬란한 위로!  “안녕하세요”",0%10 17%20 26%30 30%40 26%50
더 노비스,15세 관람가,7.48,스릴러,97,2022.05.25 ,로런 해더웨이,이사벨 퍼만 에이미 포사이스 ,"대학 신입생 ‘알렉스’는 교내 조정부에 가입한 후 동급생 ‘제이미’에게 경쟁심을 느낀다  늘 최고를 갈망하는 ‘알렉스’는 팀 1군에 들기 위해 훈련을 거듭하고, 스스로를 극한으로 내몰기 시작하는데···  네 미친 짓으로 최고를 증명해 봐!",0%10 38%20 29%30 14%40 19%50
봉명주공,전체 관람가,8.09,다큐멘터리,83,2022.05.19 ,김기성,홍덕은 지은숙 지명환 ,"1980년대에 지어진 청주 봉명동의 1세대 주공아파트, '봉명주공’ 철마다 형형색색으로 물드는 나무들, 놀이터에서 쉬어가는 새들과 골목을 지키는 길 고양이들, 곳곳에 울려 퍼지는 어린아이들의 웃음소리…  떠나가는 거주민들은 저마다 가슴속에 봉명주공에서의 추억을 남긴다 우리가 남기고 가는 것은 무엇인가요?",0%10 0%20 60%30 40%40 0%50
완벽한 축사를 준비하는 방법,15세 관람가,6.71,코미디,88,2022.05.19 ,로랑 티라르,벤자민 라베른헤 사라 지로도 줄리아 피아톤 카이안 코잔디 프랑소와 모렐 구일라인 론데즈 ,"PM 5:24 | 연애 거리두기 38일째, 소니아에게 문자를 보냈다. PM 6:56 | 소니아가 문자를 확인했다. PM 8:07 | 소니아의 답장은 여전히 없는데 눈치 없는 누나와 예비 매형이 내게 결혼식 축사를 부탁한다. 다양한 방법으로 축사를 망치고 모두의 원망을 듣는 나의 미래가 눈앞에 보이는 것만 같아 두렵다. 그나저나 소니아는 왜 문자 답장이 없을까?  연애가 복잡한 나! 사람들과 섞이기 어려운 너? 관계가 서툰 우리 모두를 위한 공감 로맨스♥",0%10 27%20 47%30 20%40 7%50
범죄도시2,15세 관람가,9.52,"범죄, 액션",106,2022.05.18 ,이상용,마동석 손석구 최귀화 ,"가리봉동 소탕작전 후 4년 뒤, 금천서 강력반은 베트남으로 도주한 용의자를 인도받아 오라는 미션을 받는다.  괴물형사 ‘마석도’(마동석)와 ‘전일만’(최귀화) 반장은 현지 용의자에게서 수상함을 느끼고, 그의 뒤에 무자비한 악행을 벌이는 ‘강해상’(손석구)이 있음을 알게 된다.  ‘마석도’와 금천서 강력반은 한국과 베트남을 오가며 역대급 범죄를 저지르는 ‘강해상’을 본격적으로 쫓기 시작하는데...  나쁜 놈들 잡는 데 국경 없다! 통쾌하고 화끈한 범죄 소탕 작전이 다시 펼쳐진다!",3%10 33%20 39%30 19%40 5%50
"아치의 노래, 정태춘",전체 관람가,9.42,다큐멘터리,113,2022.05.18 ,고영재,정태춘 박은옥 ,"10대 가수상, 가요 사전심의 철폐운동 그리고 음악시장을 홀연히 떠나기까지  어디서도 들어보지 못한 노랫말과 서정적인 음율로 시대와 함께한 뮤지션  데뷔 40주년, 우리가 몰랐던 정태춘의 음악과 삶을 만나다!",0%10 0%20 17%30 58%40 25%50
매스,12세 관람가,8.29,드라마,111,2022.05.18 ,프란 크랜즈,제이슨 아이삭스 앤 도드 마샤 플림튼 리드 버니 ,"돌이킬 수 없는 사건으로 아이를 잃은 두 부부의 슬픔, 분노, 절망, 후회가 폭발하는 111분의 마스터피스",0%10 30%20 35%30 27%40 8%50
쏴!쏴!쏴!쏴!탕,12세 관람가,6.00,"뮤지컬, 드라마",46,2022.05.18 ,김재한,백서빈 김설희 김범석 ,"80년 5월 광주를 서로 다른 위치에서 겪었던 세 인물이 9년 후 우연히 한 곳에서 만나 함께 살아가고 있다. 두 남자는 공사판에서 일하고 있고, 한 여자는 함바집에서 일하고 있다. 각자 상처와 악몽에서 벗어나지 못한 채 살아가고 있던 세 인물들이, 어느 날 뚜렷하게 되살아난 9년 전의 기억과 정면으로 마주하게 된다.",선호도 정보 없음
퍼스트 러브,15세 관람가,6.00,"미스터리, 드라마",119,2022.05.16 ,츠츠미 유키히코,키타가와 케이코 나카무라 토모야 요시네 쿄코 쿠보즈카 요스케 ,"피투성이가 되어 강가를 걷고 있던 여대생이 체포된다. 살해된 사람은 그녀의 아버지. “살인 동기는 그쪽에서 찾으세요.” 용의자 ‘칸나’의 도발적인 말은 세상을 떠들썩하게 만든다.  사건을 취재하는 상담 심리사 ‘유키’는 남편의 동생이자 변호사인 ‘카쇼’와 함께  그녀의 진짜 동기를 밝혀 내려 한다. 여러 차례 번복되는 진술에 농락당하며 진실이 왜곡되어 가는 가운데 유키는 칸나에게서 잊고 있던 자신의 과거를 떠올리게 되고, 마음속 깊은 곳에 숨겨두었던 ‘어떠한 기억’과 마주하게 되는데…",0%10 14%20 43%30 29%40 14%50
나를 만나는 길,전체 관람가,8.94,다큐멘터리,94,2022.05.12 ,"마크 J. 프랜시스, 
								
									맥스 퓨",,"전 세계인에게 평화와 행복의 가르침을 남긴 이 시대의 스승 ‘틱낫한’ 스님 그가 프랑스 보르도 근교에 설립한 명상 공동체 ‘플럼 빌리지’ 아름다운 자연 속에서 함께 걷고, 먹고, 일하고, 차를 마시는 그곳에서  3년에 걸쳐 최초로 기록한 마음챙김의 일상",0%10 18%20 36%30 36%40 9%50
"파리, 13구",청소년 관람불가,7.54,"드라마, 멜로/로맨스",105,2022.05.12 ,자크 오디아르,노에미 메를랑 루시 장 마키타 삼바 제니 베스 ,"화려함 속에 가려진 외로운 도시, 파리 13구. 낭만을 잃었다 생각한 그곳에서 불현듯 사랑을 만났다.  사랑을 원하는 에밀리 사랑이 두려운 노라 사랑이 값비싼 앰버 스위트 사랑을 몰랐던 카미유  흔들리고 불안했던 그 사랑이, 우리는 전부라 생각했다.  여전히 사랑을 믿는 도시 <파리, 13구>",0%10 26%20 43%30 21%40 11%50
허셀프,15세 관람가,7.70,드라마,98,2022.05.12 ,필리다 로이드,클레어 던 해리엇 월터 캐시 벨튼 콘레스 힐 몰리 매캔 ,"자신을 학대하던 남편과 이혼하고 홀로 어린 두 딸을 키우는 싱글맘 산드라. 임시 거처에 머물며 새로운 보금자리를 찾기 위해 노력하지만  집도 일도 구하기란 쉽지 않다. 이에 굴하지 않고 적은 비용으로  아이들과 함께 살 새로운 집을 짓기로 결심한다. 한편, 남편은 아이들의 양육권을 뺏기 위해 그녀를 고소하고  공무원들마저 그녀를 방해하기 시작하는데…  세상의 냉혹한 현실 속에서 아이들을 지키기 위한 행복한 집 짓기가 시작된다.",0%10 25%20 0%30 25%40 50%50
크로스 더 라인,청소년 관람불가,7.37,스릴러,96,2022.05.12 ,다비드 빅토리,마리오 카사스 밀레나 스밋 페르난도 발디비에소 ,"세계일주여행을 앞둔 어느 날 어디서나 마주칠 수 있을 것 같은 평범한 남자 ‘다니’는 식당에서 우연히 ‘밀라’를 만나고 평소와 다르게 일탈을 즐기며 낯선 밤을 보낸다.   그날 밤, ‘밀라’에게 이끌려 난생처음 문신을 새기고 집까지 따라가게 된 ‘다니’는 뜻하지 않은 사건에 휘말려  우발적으로 살인을 저지르고 만다.   아직 용의 선상에 오르지 않은 ‘다니’는 사람들을 피해 도심 속으로 숨어들지만, 지루한 드라마 같던 삶을 반전시킨 단 한 번의 실수는 계속해서 그를 벗어날 수 없는 악몽 속으로 끌고 가는데…",0%10 22%20 44%30 22%40 11%50
어부바,전체 관람가,5.93,가족,107,2022.05.11 ,최종학,정준호 최대철 이엘빈 ,"부산 해안가 포구의 멋쟁이 ‘어부바호’ 선장 종범은 철없는 동생의 느닷없는 결혼 선언과 늦둥이 아들의 첫사랑, 친구들과의 우정까지 사랑하는 가족을 지키기 위해 하루하루 고군분투한다. 그러던 어느 날 자신의 분신이자 아들 노마에게 엄마같은 존재인 ‘어부바호’가 빼앗길 위기에 처하게 되는데…  유쾌한 웃음과 찡한 눈물을 책임질 <어부바>가 온다!",4%10 17%20 48%30 22%40 9%50
극장판 엉덩이 탐정: 수플레 섬의 비밀,전체 관람가,6.74,"애니메이션, 가족, 코미디",59,2022.05.05 ,자코 아키후미,,"1년 내내 바람이 부는 ‘수플레 섬’에 괴도 유의 예고장이 도착했다! 그의 목표는 섬의 보물인 ‘바람의 길잡이’!  엉덩이 탐정과 브라운, 견공 경찰서 일행은 ‘수플레 섬’에 방문해 ‘루루’를 만난다. 늘 바깥 세상을 동경하는 ‘루루’는 하늘을 자유자재로 누비는 특별한 능력을 가지고 있다.  예고된 보름달이 뜨는 밤, 엉덩이 탐정 일행은 ‘바람의 길잡이’를 지키기 위해 나서는데… 엉덩이 탐정의 명추리가 빛나는 순간, 섬에 숨겨져 있던 비밀이 밝혀진다!",0%10 5%20 37%30 53%40 5%50
카사네 : 빼앗는 얼굴,15세 관람가,7.25,"판타지, 스릴러",111,2022.05.05 ,사토 유이치,츠치야 타오 아사노 타다노부 요시네 쿄코 요코야마 유 ,어릴 적 얼굴에 큰 상처를 갖게 된 카사네는 유명 배우였던 엄마의 유품으로  키스를 받는 사람의 ‘얼굴’을 훔칠 수 있는 신비한 립스틱을 받게 된다.  그녀는 미모는 뛰어나지만 연기를 못하는 여배우 니나를 만나 그녀와 얼굴을 바꾸고 최고의 연기자로 활동한다. 하지만 립스틱의 힘으로 얼굴을 바꾸며 운명을 거스른  두 사람은 처절한 비극을 맞게 되는데...,0%10 0%20 100%30 0%40 0%50
닥터 스트레인지: 대혼돈의 멀티버스,12세 관람가,7.32,"액션, 판타지, 모험",126,2022.05.04 ,샘 레이미,베네딕트 컴버배치 엘리자베스 올슨 ,"끝없이 균열되는 차원과 뒤엉킨 시공간의 멀티버스가 열리며 오랜 동료들, 그리고 차원을 넘어 들어온 새로운 존재들을 맞닥뜨리게 된 ‘닥터 스트레인지’. 대혼돈 속, 그는 예상치 못한 극한의 적과 맞서 싸워야만 하는데….",3%10 37%20 39%30 17%40 3%50
우연과 상상,15세 관람가,8.16,"드라마, 멜로/로맨스",121,2022.05.04 ,하마구치 류스케,후루카와 코토네 현리 나카지마 아유무 모리 카츠키 시부카와 키요히코 카이 쇼우마 우라베 후사코 카와이 아오바 ,"‘메이코’는 집으로 돌아가는 택시 안에서 친구에게 새로운 연애 상대 이야기를 듣는다. 여대생 ‘나오’는 교수 앞에서 그가 쓴 소설의 일부를 낭독한다. 20년 만에 고향을 찾은 ‘나츠코’는 그토록 만나고 싶던 동창생과 재회한다.  우연이 만들어내는, 조용히 아주 크게 움직이는 인생의 순간들이 있다. 이 영화는 그에 대한 상상의 결과물이다.",1%10 40%20 36%30 17%40 6%50
배드 가이즈,전체 관람가,8.67,"애니메이션, 범죄, 액션",100,2022.05.04 ,피에르 페리펠,샘 록웰 마크 마론 크레이그 로빈슨 안소니 라모스 아콰피나 리차드 아요아데 재지 비츠 릴리 싱 알렉스 볼스타인 ,"작전 설계부터 금고 해제, 해킹, 액션, 위장까지  완벽한 팀플레이를 펼치는 자타공인 최고의 나쁜 녀석들이 한순간의 실수로 체포된다.   하지만 그들도 착해질 수 있다는 ‘마멀레이드 박사’의 주장으로 나쁜 녀석들은 바른 생활 갓생 프로젝트에 투입되고,  이들은 다시 한번 자유의 몸을 위해 태어나 처음으로 바른 생활에 도전하게 되는데…   나쁜 녀석들의 사상 초유 바른 생활 갓생 프로젝트가 시작된다!",2%10 32%20 33%30 23%40 10%50
스프링 블라썸,12세 관람가,7.14,드라마,77,2022.05.04 ,수잔 랭동,수잔 랭동 아르노 발로아 ,“이번에 맞이한 봄은 어딘가 달라요”  반복되는 일상에 싫증이 난 수잔은 극장 앞에서 연극배우 라파엘을 만난다 함께 음악을 듣고 산책을 하며 조금씩 가까워지는 두 사람  모든 것이 따분했던 수잔에게 설렘과 함께 첫 번째 봄이 찾아오기 시작했다,0%10 50%20 12%30 38%40 0%50
평평남녀,12세 관람가,5.83,"드라마, 멜로/로맨스",121,2022.04.28 ,김수정,이태경 이한주 이봄 서갑숙 ,"바쁜 회사일로 연애는 못하고 기막힌 아이디어는 까이기 일수 승진은 남의 이야기 열정만렙 33살 만년대리! 우리의 영블리 영진  어느 날, 능력은 없지만 빽은 있는 낙하산 준설이 그녀 앞에 떨어지고 하루도 평평할 날 없는 영진의 고달픈 일상이 시작되는데…  일도 사랑도 꼬여버린 할많하않 오피스 브이로그가 온다!",0%10 0%20 62%30 38%40 0%50
니 부모 얼굴이 보고 싶다,15세 관람가,7.77,드라마,111,2022.04.27 ,김지훈,설경구 ,"명문 한음 국제중학교 학생 ‘김건우’가 같은 반 친구 4명의 이름이 적힌 편지를 남긴 채, 의식불명 상태로 호숫가에서 발견된다.  병원 이사장의 아들 ‘도윤재’ 전직 경찰청장의 손자 ‘박규범’ 한음 국제중학교 교사의 아들 ‘정이든’ 그리고, 변호사 ‘강호창’(설경구)의 아들 ‘강한결’.  가해자로 지목된 아이들의 부모들은 자신의 권력과 재력을 이용해 사건을 은폐하려고 한다. 하지만, 담임 교사 ‘송정욱’(천우희)의 양심 선언으로 건우 엄마(문소리) 또한 아들의 죽음에 관한 진실을 알게 된다.  세상의 이목이 한음 국제중학교로 향하고, 자신의 아이들을 지키기 위한 가해자 부모들의 추악한 민낯이 드러나는데…  자식이 괴물이 되면, 부모는 악마가 된다",2%10 32%20 35%30 21%40 9%50
서울괴담,15세 관람가,4.31,공포,123,2022.04.27 ,홍원기,김도윤 봉재현 서지수 설아 셔누 아린 알렉사 엑시 오륭 이민혁 이수민 이열음 이영진 이호원 정원창 주학년 ,"어두운 터널을 홀로 지날 때의 두려움 옆집에서 들려오는 의문의 소리 중고 가구에 얽힌 미스터리 다른 사람을 향한 그릇된 질투  복수, 저주, 욕망에서 시작된 죽음보다 더한 공포의 실체가 찾아온다!",5%10 41%20 17%30 29%40 8%50
파리의 피아니스트: 후지코 헤밍의 시간들,전체 관람가,8.56,다큐멘터리,115,2022.04.27 ,코마츠 소이치로,,"60대에 데뷔. 80대 후반이 된 지금도 세계 무대를 누비며 연주 활동을 이어가고 있는 후지코 헤밍. 유럽, 일본, 북미, 남미 등 전세계에서 펼치는 콘서트 수는 연간 60여건에 달한다. 티켓은 오픈하자마자 매진이 되고 세계 각지에서 그녀를 향한 러브 콜은 끊이지 않는다. 특히 그녀의 삶이 그대로 묻어나는 역동전인 '라 캄파넬라' 연주는 많은 팬들의 마음을 사로잡아 그녀는 음악으로 세상을 마주한 ""영혼의 피아니스트""로 불린다.  전세계를 돌며 감동을 전하는 그녀의 연주는 지금도 계속된다.",0%10 0%20 75%30 25%40 0%50
소설가의 영화,12세 관람가,8.03,드라마,92,2022.04.21 ,홍상수,이혜영 김민희 ,"여소설가가 잠적한 후배의 책방으로 먼 길을 찾아옵니다. 그리고 혼자 타워를 오르고 영화감독 부부를 만나고 공원을 산책하다 여배우를 만나게 되고, 여배우에게 당신과 영화를 만들고 싶다 설득을 합니다. 둘이 분식집에서 뭘 먹고, 다시 찾게 되는 후배의 책방에서 술자리가 깊어지고 여배우는 취해 잠이 드는데…",2%10 39%20 31%30 20%40 8%50
쓰리: 아직 끝나지 않았다,15세 관람가,6.85,"드라마, 범죄, 스릴러",101,2022.04.21 ,박 루슬란,이고르 사보치킨 사말 예슬라모바 아스카르 일리아소브 ,1979년 소비에이트연방 카자흐스탄. 최고의 수사팀에 합류하게 된 패기 넘치는 신입 수사관 '셰르'는 마을을 뒤흔든 연쇄 살인마의 뒤를 쫓는다.  살인마와의 교묘한 심리전 속에 사건의 실마리가 점점 드러나고 새로운 사건의 혼란한 틈에  ‘셰르’의 누나 ‘디나’가 갑자기 사라지게 되는데…  기록될 수 없었던 어느 살인 사건의 실화!,0%10 30%20 30%30 30%40 10%50
"위대한 계약: 파주, 책, 도시",전체 관람가,8.30,다큐멘터리,101,2022.04.21 ,"김종신, 
								
									정다운",이기웅 이건복 김언호 이은 승효상 민현식 김영준 ,책을 만들면 구속되던 시절 책의 유토피아를 꿈꾸는 이들이 있었다 이들의 꿈에 새로운 도시를 희망한 건축가들이 동참했다  위험한 계약이라 불리던 ‘위대한 계약’ 그리고 세계 어디에도 없던 도시의 탄생!  책과 영상과 예술의 문화 허브에서 새로운 미래를 펼치다!,0%10 33%20 44%30 11%40 11%50
헝거,12세 관람가,6.88,"SF, 드라마",67,2022.04.21 ,강다연,김유나 ,"부유한 빌딩도시 속 삶은 여유롭다 하지만 ‘유지’는 행복하지 않다 가난한 이들이 산다는 하촌에 가면 의미를 찾을 수 있을까? 그러던 어느 날, ‘유지’의 권태로운 하루하루가 뒤집힌다  내가 아닌 내가 되고 싶던 성장통, 그 아픈 순간의 이야기",0%10 0%20 33%30 67%40 0%50
중경삼림,15세 관람가,8.90,드라마,102,2022.04.20 ,왕가위,임청하 양조위 왕페이 금성무 ,"1994년 홍콩,  “내 사랑의 유통기한은 만 년으로 하고 싶다” 만우절의 이별 통보가 거짓말이길 바라며 술집을 찾은 경찰 223 고단한 하루를 보내고 술집에 들어온 금발머리의 마약밀매상  ""그녀가 떠난 후 이 방의 모든 것들이 슬퍼한다"" 여자친구가 남긴 이별 편지를 외면하고 있는 경찰 663 편지 속에 담긴 그의 아파트 열쇠를 손에 쥔 단골집 점원 페이  네 사람이 만들어낸 두 개의 로맨스 새로운 사랑을 만나는 방법에 대한 독특한 상상력",5%10 54%20 30%30 7%40 4%50
복지식당,12세 관람가,8.11,드라마,96,2022.04.14 ,"정재익, 
								
									서태수",조민상 한태경 임호준 송민혁 ,"사고로 장애인이 된 청년 ‘재기’는 홀로 거동조차 힘든 중증에도 불구하고,  경증의 장애 등급을 받아 힘겨운 싸움 중이다. 하지만 그의 딱한 사정을 봐준 선배 장애인 ‘병호’ 덕에  취업도 하고 대출도 받으며 희망을 되찾는다.  그렇게 삶의 재기가 눈앞에 왔다고 여긴 순간 ‘재기’는  세상에 자신이 중증 장애인임을 증명해야 하는데…  세상의 문턱 앞에 선 ‘재기’를 만난다",0%10 29%20 57%30 14%40 0%50
그리스도 디 오리진,12세 관람가,6.87,드라마,148,2022.04.14 ,로버트 사보,,"폭력과 탄압으로 세상을 지배하던 로마 시대 예수는 12제자와 함께 하나님의 말씀을 전하고 고통받던 사람들을 사랑으로 치유한다. 위기를 느낀 로마는 예수를 십자가에 처형한다. 3일 후, 예수는 자신의 예언과 같이 부활하는데…   위대한 인류 구원의 역사가 시작된다!",0%10 0%20 0%30 100%40 0%50
태어나길 잘했어,12세 관람가,8.13,드라마,100,2022.04.14 ,최진영,강진아 박혜진 홍상표 ,"손에 땀 마를 날 없는 ‘다한증’ 춘희는 마늘 까는 아르바이트로 수술비를 모으고 있다.  주변 사람들이 자신을 별로 안 좋아한다며 홀로 살아가던 씩씩한 춘희,  부끄러움과 외로움이 전부였던 그에게 봄처럼 새로운 인연이 시작된다.",0%10 31%20 47%30 17%40 6%50
말임씨를 부탁해,전체 관람가,9.28,드라마,110,2022.04.13 ,박경목,김영옥 김영민 박성연 김혜나 이정은 ,"85세 대구의 꼬장 할매 정말임 여사는 자식 도움 1도 필요 없다며 인생 2막을 내돈내산 나홀로라이프로 즐기려 했건만 이놈의 몸이 말썽! 오랜만에 외아들 종욱의 방문 탓에 팔이 부러지고, 이 사고로 요양보호사 미선을 들이게 된다. 엄마 걱정에 CCTV까지 들이는 아들과는 마음과 다르게 모진 말만 오가고, 요양보호사는 어쩐지 꿍꿍이가 있는 것 같아 영 맘에 안 든다. 그렇게 마찰과 화해를 반복하던 중 종욱 가족이 불쑥 찾아온 명절날, 묻어두었던 관계의 갈등이 터져버리는데….  가족이 뭐 별거야? 이제 함께 살 테니 “우리 말임씨를 부탁해!”",0%10 12%20 50%30 38%40 0%50
신비한 동물들과 덤블도어의 비밀,12세 관람가,6.52,"판타지, 모험, 가족",142,2022.04.13 ,데이빗 예이츠,에디 레드메인 주드 로 매즈 미켈슨 댄 포글러 앨리슨 수돌 에즈라 밀러 칼럼 터너 제시카 윌리엄스 빅토리아 예이츠 윌리엄 나딜람 리처드 코일 ,"1930년대, 제2차 세계대전에 마법사들이 개입하게 되면서 강력한 어둠의 마법사 그린델왈드의 힘이 급속도로 커진다. 덤블도어는 뉴트 스캐맨더에게 위대한 마법사 가문 후손, 마법학교의 유능한 교사, 머글 등으로 이루어진 팀에게 임무를 맡긴다. 이에 뉴트와 친구들은 머글과의 전쟁을 선포한 그린델왈드와 추종자들, 그의 위험한 신비한 동물들에 맞서 세상을 구할 거대한 전쟁에 나선다. 한편 전쟁의 위기가 최고조로 달한 상황 속에서 덤블도어는 더 이상 방관자로 머물 수 없는 순간을 맞이하고, 서서히 숨겨진 비밀이 드러나는데…",2%10 46%20 34%30 13%40 5%50
루이스 웨인: 사랑을 그린 고양이 화가,12세 관람가,7.96,"드라마, 멜로/로맨스",112,2022.04.06 ,윌 샤프,베네딕트 컴버배치 클레어 포이 ,"모든 동물이 행복해지길 바랐던 엉뚱한 천재 화가 ‘루이스’(베네딕트 컴버배치). 그림 말고는 모든 게 서툴렀던 그의 앞에 어느 날 운명 같은 사랑이 찾아온다. 그의 세상을 송두리째 바꿔 놓은 삶의 전부, ‘에밀리’(클레어 포이) 그리고 고양이 ‘피터’.  모두를 다정하게 끌어안을 가장 사랑스러운 로맨스가 온다!",1%10 37%20 37%30 16%40 9%50
역할들,12세 관람가,9.94,드라마,79,2022.03.31 ,연송하,윤종구 김범석 김원정 연송하 윤정일 박재철 ,"모든 사람은 배우다. 세상이라는 무대 위에서 다양한 역할을 하며 살아간다. 서로의 연극에서 주연과 조연, 그리고 단역이 되기도 한다. 그래도 내 인생에서 만큼은 주인공일 줄 알았는데, 그곳에서조차 단역이 된 것 같은 기분은 뭘까?  범석은 부끄럽지 않은 아빠가 되기 위해 복싱을 한다. 종구는 하고 싶은 일을 계속하기 위해 이삿짐을 나른다. 송하는 매일 악몽을 꾸지만 악몽 속에서나마 꿈을 이룬다. 원정은 사람들 사이에 껴서 이러지도 저러지도 못하는 상황이 싫다.  세상은 빠른 승리와 큰 성공을 말하지만, 고개를 돌려보면 느리더라도 묵묵히 걸어가는 사람들이 보인다. 방금 우리 곁을 스쳐 지나간 사람들처럼. 그들 또한 어엿한 역할을 맡은 주인공이 아닐까.  네 개의 이야기 X 여섯 명의 배우 방금 당신 곁을 스쳐간 사람들의 이야기, 역할들",0%10 0%20 0%30 100%40 0%50
부에노스 아이레스 제로 디그리,12세 관람가,10.00,"다큐멘터리, 드라마",62,2022.03.23 ,관본량,장국영 양조위 장첸 관숙의 왕가위 ,"영화 <해피 투게더>의 또 다른 이야기. 낯선 아르헨티나의 부에노스아이레스에서 왕가위 감독은 0도의 땅을 찾는다. 동쪽도 서쪽도 아니고, 낮도 밤도 없으며, 춥지도 덥지도 않은 그곳. 제로 디그리의 땅에서 철저한 이방인이 되어 영화를 찍는 동안의 우여곡절이 녹아 있다. 생각처럼 풀리지 않는 촬영과 자꾸만 미루어지는 일정, 스태프와 배우들의 고뇌 영화에서 담지 않은 뒷이야기들.",선호도 정보 없음
보드랍게,전체 관람가,9.50,다큐멘터리,73,2022.02.23 ,박문칠,김순악 ,"여든 두 해 순악 씨의 삶은 전쟁터였다. 거칠고 모난 삶을 살아낸 왈패 김순악이 자신에게 그리고 우리에게  보드라운 말 한마디를 건넨다.  “하이고, 참 애묵었다”  당신의 이야기도 꽃이 된다",0%10 33%20 33%30 33%40 0%50
극장판 주술회전 0,15세 관람가,9.25,애니메이션,105,2022.02.17 ,박성후,오가타 메구미 하나자와 카나 코마츠 미카코 우치야마 코우키 세키 토모카즈 나카무라 유이치 사쿠라이 타카히로 ,"어릴 적 소꿉친구인 오리모토 리카를 교통사고로 눈앞에서 잃은 옷코츠 유타.  “약속해, 리카와 유타는 어른이 되면 결혼하기로” 옷코츠는 원령으로 변한 리카의 저주에 괴로워한 나머지, 자신도 죽기를 바라지만 최강의 주술사인 고죠 사토루에 의해 주술고전에 들어가게 된다. 그리고 동급생인 젠인 마키, 이누마키 토게, 판다를 만나면서 굳은 결심을 한다.  “살아도 된다는 자신감이 필요해” “나는 주술고전에서 리카의 저주를 풀겠습니다” 한편, 옷코츠와 친구들 앞에 과거에 일반인을 대량으로 학살해서 고전에서 추방된 최악의 주저사인 게토 스구루가 나타난다.  “12월 24일, 우리는 백귀야행을 결행한다” 주술사만의 낙원을 만들려는 게토는 비술사를 섬멸하겠다면서, 신주쿠와 교토에 천의 저주를 내리는데…과연 옷코츠는 게토를 막을 수 있을까? 그리고 리카의 저주를 풀 수 있을까?",11%10 49%20 25%30 10%40 5%50
어나더 라운드,15세 관람가,8.33,드라마,116,2022.01.19 ,토마스 빈터베르그,매즈 미켈슨 토머스 보 라센 라르스 란데 ,"각각 역사, 체육, 음악, 심리학을 가르치는 같은 고등학교 교사 니콜라이, 마르틴, 페테르, 톰뮈는 의욕 없는 학생들을 상대하며 열정마저 사라지고 매일이 우울하기만 하다. 니콜라이의 40번째 생일 축하 자리에서 “인간에게 결핍된 혈중 알코올 농도 0.05%를 유지하면 적당히 창의적이고 활발해진다”는 흥미로운 가설에 대한 이야기를 나누고, 마르틴이 실험에 들어간다. 인기 없던 수업에 웃음이 넘치고 가족들과의 관계에도 활기가 생긴 마르틴의 후일담에 친구들 모두 동참하면서 두 가지 조건을 정한다. [언제나 최소 0.05%의 혈중 알코올 농도 유지할 것! 밤 8시 이후엔 술에 손대지 않을 것!] 지루한 교사, 매력 없는 남편, 따분한 아빠, 최적의 직업적, 사회적 성과를 위해 점차 알코올 농도를 올리며 실험은 계속되는데… 과연 술은 인간을 더 나은 상태로 만들 수 있을지, 도전의 결말은?!",2%10 39%20 37%30 15%40 6%50
씽2게더,전체 관람가,9.39,애니메이션,110,2022.01.05 ,가스 제닝스,매튜 맥커너히 리즈 위더스푼 스칼릿 조핸슨 태런 에저튼 토리 켈리 퍼렐 윌리엄스 보노 ,"대국민 오디션 이후 각자의 자리에서 꿈을 이루고 있는 버스터 문(매튜 맥커너히)과 크루들에게 레드 쇼어 시티에서 전 세계가 주목하는 사상 최고의 쇼가 펼쳐진다는 소식이 들려오고 버스터 문과 크루들은 도전에 나선다.  그러나 최고의 스테이지에 서기 위한 경쟁은 이전과는 비교도 할 수 없을 만큼 치열하고, 버스터 문은 완벽한 라이브를 위해 종적을 감춘 레전드 뮤지션 클레이(보노)를 캐스팅하겠다는 파격 선언을 하는데!",2%10 41%20 36%30 15%40 6%50
드라이브 마이 카,15세 관람가,8.42,드라마,179,2021.12.23 ,하마구치 류스케,니시지마 히데토시 미우라 토코 ,"누가 봐도 아름다운 부부 가후쿠와 오토. 우연히 아내의 외도를 목격한 가후쿠는 이유를 묻지 못한 채 갑작스럽게 아내의 죽음을 맞이하게 된다. 2년 후 히로시마의 연극제에 초청되어 작품의 연출을 하게 된 가후쿠. 그는 그곳에서 자신의 전속 드라이버 미사키를 만나게 된다. 말없이 묵묵히 가후쿠의 차를 운전하는 미사키와 오래된 습관인 아내가 녹음한 테이프를 들으며 대사를 연습하는 가후쿠. 조용한 차 안에서 두 사람은 점점 마음을 열게 되고, 서로가 과거의 아픔에서 벗어나지 못한 것을 알게 된다. 그리고 눈 덮인 홋카이도에서 내면에 깊숙이 자리 잡은 서로의 슬픔을 들여다보게 되는데….",1%10 36%20 40%30 17%40 6%50
디어 에반 핸슨,12세 관람가,7.46,"뮤지컬, 드라마",137,2021.11.17 ,스티븐 크보스키,벤 플랫 줄리안 무어 에이미 아담스 케이틀린 디버 아만들라 스텐버그 닉 도다니 콜튼 라이언 ,"자신감 제로, 존재감 제로, 어딜 가든 눈에 띄지 않는 소년 ‘에반 핸슨’은 매일 스스로에게 편지를 쓰며 어제와 다른 특별한 하루를 꿈꾼다. 어느 날, 자신에게 쓴 편지를 ‘코너’에게 빼앗긴 에반 핸슨. 며칠 뒤 갑작스러운 코너의 죽음으로 인해 자신의 편지를 코너의 유서로 오해하고 찾아온 그의 가족은 따뜻한 관심을 표하고 누군가가 자신을 알아봐 주길 바라온 에반 핸슨은 그들의 따뜻함에 얼떨결에 코너와의 우정과 추억에 대한 기억을 만들어내게 되며 모두의 마음을 움직이게 되는데…  세상에 혼자 남겨진 것 같은 순간 에반이 당신을 찾아갑니다.",5%10 51%20 30%30 12%40 3%50
꿈꾸는 고양이,전체 관람가,9.86,다큐멘터리,74,2021.09.09 ,"지원, 
								
									강민현",남기형 ,"서울의 달동네, 경기도 성남, 대구, 부산의 재개발 지역. 곧 부서지고 버려질 이 동네엔 단지 살고 싶단 꿈을 꾸는 고양이들이 있다. 그리고 그 곳엔 그 생명들을 지켜내기 위해 위험을 무릅쓰고 뛰어드는 사람들도 있다.  우리는 개발로 인해 유용한 삶을 누리게 되겠지만 그로 인해 삶의 터전을 잃어버리는 존재들이 있다는 건 잘 알지 못한다. 건물과 함께 무너져 내리는 길 위 고양이들의 삶. 우린 어떻게 하면 이 아이들의 생명과 삶의 터전을 지켜줄 수 있을까?  무너지는 그곳에서 만난 아이에게 꿈이란 이름을 붙여주고 아이들을 지켜내기 위해 고군분투하는 사람들의 모습에서 공존하는 삶을 꿈꾸는 여정이 시작된다.",선호도 정보 없음
코다,12세 관람가,9.13,드라마,111,2021.08.31 ,션 헤이더,에밀리아 존스 퍼디아 월시-필로 트로이 코처 다니엘 듀런트 말리 매트린 에우헤니오 데르베스 에이미 포사이스 ,24/7 함께 시간을 보내며 소리를 들을 수 없는 가족을 세상과 연결하는 코다 '루비'는  짝사랑하는 '마일스'를 따라간 합창단에서 노래하는 기쁨과 숨겨진 재능을 알게 된다.  합창단 선생님의 도움으로 마일스와의 듀엣 콘서트와 버클리 음대 오디션의 기회까지 얻지만 자신 없이는 어려움을 겪게 될 가족과 노래를 향한 꿈 사이에서 루비는 망설이는데…,3%10 49%20 37%30 7%40 4%50
모가디슈,15세 관람가,8.33,"액션, 드라마",121,2021.07.28 ,류승완,김윤석 조인성 허준호 구교환 김소진 정만식 ,"내전으로 고립된 낯선 도시, 모가디슈 지금부터 우리의 목표는 오로지 생존이다!  대한민국이 UN가입을 위해 동분서주하던 시기  1991년 소말리아의 수도 모가디슈에서는 일촉즉발의 내전이 일어난다. 통신마저 끊긴 그 곳에 고립된 대한민국 대사관의 직원과 가족들은 총알과 포탄이 빗발치는 가운데, 살아남기 위해 하루하루를 버텨낸다. 그러던 어느 날 밤, 북한 대사관의 일행들이 도움을 요청하며 문을 두드리는데…  목표는 하나, 모가디슈에서 탈출해야 한다!",3%10 42%20 38%30 12%40 4%50
해피 투게더,15세 관람가,9.19,드라마,97,2021.02.04 ,왕가위,장국영 양조위 장첸 ,홍콩을 떠나 지구 반대편 부에노스아이레스에 온 ‘보영’과 ‘아휘’ 이과수 폭포를 찾아가던 중 두 사람은 사소한 다툼 끝에 이별하고 각자의 길을 떠난다.  얼마 후 상처투성이로 ‘아휘’의 앞에 다시 나타난 ‘보영’은 무작정 “다시 시작하자”고 말한다. 서로를 위로하며 점차 행복한 시간을 보내는 두 사람.  하지만 ‘보영’의 변심이 두려운 ‘아휘’와 ‘아휘’의 구속이 견디기 힘든 ‘보영’은 또다시 서로의 마음에 상처 내는 말을 내뱉은 뒤 헤어지는데...,6%10 60%20 21%30 8%40 6%50
라라랜드,12세 관람가,8.62,"드라마, 뮤지컬, 멜로/로맨스",127,2020.12.31 ,데이미언 셔젤,라이언 고슬링 엠마 스톤 ,"꿈을 꾸는 사람들을 위한 별들의 도시 ‘라라랜드’. 재즈 피아니스트 ‘세바스찬’(라이언 고슬링)과 배우 지망생 ‘미아’(엠마 스톤), 인생에서 가장 빛나는 순간 만난 두 사람은 미완성인 서로의 무대를 만들어가기 시작한다.",4%10 57%20 24%30 11%40 5%50
화양연화,15세 관람가,8.81,"드라마, 멜로/로맨스",99,2020.12.24 ,왕가위,장만옥 양조위 ,"화양연화花樣年華 가장 아름답고 찬란했던 시절  같은 날 같은 아파트로 이사 온 ‘첸 부인’과 ‘차우’. 이사 첫날부터 자주 마주치던 두 사람은 ‘차우’의 넥타이와 ‘첸 부인’의 가방이 각자 배우자의 것과 똑같음을 깨닫고 그들의 관계를 눈치챈다.  그 관계의 시작이 궁금해진 두 사람은 비밀스러운 만남을 이어가고 감정이 깊어지지 않기 위해 노력하지만, 서로에게 점점 빠져들기 시작한다. ""많은 일이 나도 모르게 시작되죠""",3%10 49%20 32%30 7%40 9%50
에듀케이션,12세 관람가,6.57,드라마,98,2020.11.26 ,김덕중,문혜인 김준형 ,"사회복지학과 졸업을 앞두고 있는 ‘성희(문혜인)’는 한국을 떠나 스페인에서의 새로운 삶을 꿈꾸고 있다. 장애인 활동 보조 아르바이트는 필요한 자금을 모으기 위한 수단일 뿐, 그저 남들처럼 덜 일하고, 더 받고 싶던 ‘성희’는 하루의 대부분을 누워 생활하는 중증 장애인의 집을 새롭게 배정받는다. 일이 어렵지 않을 것이라 기대했던 것과 달리, 엄마를 홀로 돌보아오던 고등학생 ‘현목(김준형)은 사사건건 ‘성희’를 성가시게 하는데…   관심이 싫은 ‘성희’와 관심이 필요한 ‘현목’ 두 사람의 삐뚤빼뚤 서툰 관계가 시작된다!",0%10 25%20 62%30 12%40 0%50
뮤지컬 브로드웨이 42번가,전체 관람가,8.20,"뮤지컬, 공연실황",135,2020.07.08 ,"마크 브램블, 
								
									로스 맥기븐",보니 랭포드 자스나 이브 애슐리 데이 톰 리스터 클레어 할세 ,시골 출신의 페기는 브로드웨이의 댄서가 되는 게 꿈이다. 불황에 빠진 공연계에서 ‘프리티 레이디’라는 작품으로 재기하려는 연출가 줄리안 마쉬가 진행하는 오디션에 응시하려 하지만 두려움에 주춤거리다 오디션 시간에 늦게 되어 좌절하게 되는데...,선호도 정보 없음
레미제라블: 뮤지컬 콘서트,12세 관람가,9.41,공연실황,166,2020.05.13 ,"제임스 파우웰, 
								
									장 피에르",알피 보 캐리 호프 플레처 마이클 볼 릴리 케르호아스 케이티 세콤브 맷 루카스 롭 허우첸 샨 아코 브래들리 제이든 ,"빵 한 조각을 훔친 죄로 19년 간의 감옥살이를 마친 후에도 전과자의 낙인이 찍힌 채 살아가는 장발장. 장발장을 끈질기게 추격하며 그의 새로운 삶을 뒤흔드는 자베르 경감. 주변 사람들의 모함으로 지독한 가난 속에서 아이를 위해 생존해가는 비운의 여인 판틴. 장발장에게 희망이 되어 준 판틴의 딸 코제트.  그리고 파리의 자유와 사랑을 위해 싸우는 마리우스, 에포닌, 앙졸라.  사랑과 용서, 구원과 희망을 꿈꾸는 그들의 노래가 스크린에 울려 퍼진다!",0%10 62%20 38%30 0%40 0%50
경계선,청소년 관람불가,8.20,"판타지, 멜로/로맨스, 스릴러",110,2019.10.24 ,알리 아바시,에바 멜란데르 에로 밀로노프 ,"출입국 세관 직원인 ‘티나’는 후각으로 감정을 읽을 수 있는 기묘한 능력과 남들과는 조금 다른 외모로 세상과 쉽게 어울리지 못한다. 그러던 어느 날 그녀 앞에 수상한 짐을 가득 든 남자 ‘보레’가 나타나고, 그는 ‘티나’ 자신도 몰랐던 그녀의 특별한 모습을 일깨워주기 시작하는데…",0%10 53%20 27%30 12%40 8%50
녹색 광선,12세 관람가,8.49,"멜로/로맨스, 드라마",98,2019.07.04 ,에릭 로메르,마리 리비에르 ,"여름 휴가를 이용해 멋진 로맨스를 찾아나선 한 아가씨의 여정을 통해 젊은 날의 소망과 그 성취를 상징하는 '녹색 광선'의 의미를 아름답기 그지없는 시선으로 그린 작품. 사랑에 대한 기대로 관객을 부풀게 만드는 싱그러운 작품이자 노감독 로메르가 사랑에 관한 젊은 날의 혼란과 열망을 느슨한 이야기 속에서 풀어낸 작품으로 평가받고 있다. 86년 베니스 영화제에서 그랑프리인 금곰상을 수상한 이 영화는 국내엔 90년 봄 변두리 극장에서 소문없이 개봉해 1주일만에 문을 닫았다. 영화를 '공부'하려는 사람들을 위한 영화.  감독 에릭 로메르(Eric Rohmer)는 프랑소와 튀르포, 쟝 루크 고다르, 클로드 샤브롤, 쟝 리베트 등 프랑스 신세대 영화 작가들의 등용문이 된 영화 전문지 '까이에 뒤 시네마(Cahiers De Cinema)'가 배출한 또 한 명의 뛰어난 영화 감독이다. 그는 항상 거의 아마츄어에 가까운 비전문 배우들을 기용해서 일상 속에서 보여지는 보통 사람들의 삶의 모습을 진지하면서도 잔잔하게 그려내고 있다. 이 영화도 그러한 범주에서 벗어나지 않는다. 어느 평론가는 그의 영화를 'Elegant Simplicity'라는 표현으로 요약하고 있다. 그런 그의 작품성을 가장 극명하게 드러낸 영화가 바로 이것이다.  청순한 소녀 델핀느(Delphine: 마리 라비에르 분)는 여름휴가를 맞이하지만 친구들로부터 함께 휴가를 보낼 기회를 거절당한다. 내성적이고 소심한 그녀는 휴가 기간을 혼자 보내야 하는 외로운 처지에 놓이게 된다. 남자 친구를 구할 수 있기를 내심 바리지만 자신의 성격탓으로 뜻대로 되질 않는다. 그러나 델핀느는 희망을 잃지 않고 있다. 얼마전 친구로부터 녹색은 그녀에게 행운을 가져다 줄거라는 이야기를 들었기 때문이다.  좋은 일이 생길지 모른다는 친구의 권유에 따라 노르망디에 있는 친구집에서 휴가를 보낸다. 거기에서 델핀느는 남자를 사귀기는 고사하고 그곳 사람들과 잘 어울리지 못하고 불편함을 느낀다. 실망 속에서 델핀느는 집으로 돌아간다. 우연히 비아리츠역에서 만난 한 남자와 몇마디의 대화로 서로가 쉽게 통할 수가 있게 된 델핀느는 그에게 호감을 갖게 된다. 해변에 대양이 바다 수평선 너머로 사라지고 있는 일몰때 둘이는 보기 힘들 정도로 녹색빛을 발하는 바닷가에 지는 태양을 응시하고 있다. 빛의 굴절로 인해 일시적으로 녹색광선 발한다. 델핀느는 녹색의 빛을 향하여 감탄의 소리를 지른다. 결국 그는 꿈을 이룬 것이다.",5%10 55%20 32%30 6%40 1%50
아사코,12세 관람가,7.29,드라마,120,2019.03.14 ,하마구치 류스케,히가시데 마사히로 카라타 에리카 ,"I. 강렬했다. 누구에게나 처음이 그렇듯… 첫사랑 ‘바쿠’와 함께하는 모든 날이 특별했던 ‘아사코’. 설레지만 불안하고 뜨겁지만 자유로운 영혼이었던 바쿠는  어느 날, 다시 돌아온다는 짧은 말만 남긴 채 아사코를 떠나갔다.   II. 편안했다. 다시 시작할 수 있어서… 우연일까? 운명일까? 첫사랑 바쿠와 똑같은 외모의 ‘료헤이’를 만나게 된 아사코. 겉모습만 같을 뿐 공통점 하나 없는 모습에 혼란스럽지만, 자상하고 따뜻한 료헤이의 사랑으로 아사코는 다시 설레는 사랑의 순간을 맞이한다.   그러던 어느 날, 떠나간 첫사랑 바쿠가 갑자기 나타나고 아사코는 흔들리기 시작한다.",2%10 52%20 31%30 9%40 7%50
신은 죽지 않았다 3: 어둠 속의 빛,12세 관람가,8.32,드라마,105,2018.07.19 ,마이클 메이슨,데이빗 A.R. 화이트 존 코베트 쉐인 하퍼 테드 맥긴리 테이텀 오닐 ,150년간 자리를 지켜온 성 제임스 교회의 목사 ‘데이빗 힐’은  교회에서 일어난 의문의 화재사건으로 친구를 잃고 캠퍼스 내에 위치한 교회의 퇴거를 요구하는 주립대와 갈등을 빚는다. 학교와의 갈등은 점점 더 깊어져 데이빗 목사의 신념과 믿음마저 흔들리게 되는데…  절망의 끝에서 모든 사람이 발견해야 할 진리가 타오른다!,1%10 26%20 22%30 24%40 27%50
아비정전,15세 관람가,8.45,"드라마, 범죄, 멜로/로맨스",100,2017.03.30 ,왕가위,장국영 장만옥 유덕화 ,"자유를 갈망하는 바람둥이 ‘아비’는 매일 오후 3시가 되면 매표소에서 일하는 ‘수리진’을 찾아간다. 그는 그녀에게 이 순간을 영원처럼 기억하게 될 거라는 말을 남기며 그녀의 마음을 흔든다. 결국 ‘수리진’은 ‘아비’를 사랑하게 되고 그와 결혼하길 원하지만, 구속 당하는 것을 싫어하는 ‘아비’는 그녀와의 결혼을 원치 않는다. ‘수리진’은 결혼을 거절하는 냉정한 그를 떠난다. 그녀와 헤어진 ‘아비’는 댄서인 ‘루루’와 또 다른 사랑을 이어간다. 하지만 이들의 관계도 역시 오래 가지는 못한다. ‘루루’에게 일방적인 이별을 통보한 ‘아비’는 친어머니를 찾아 필리핀으로 떠나게 된다. 한편, 그와의 1분을 잊지 못한 ‘수리진’은 ‘아비’를 기다리는데…",4%10 57%20 29%30 6%40 4%50
걸어도 걸어도,전체 관람가,8.63,"가족, 드라마",114,2016.08.04 ,고레에다 히로카즈,키키 키린 아베 히로시 나츠카와 유이 하라다 요시오 ,"햇볕이 따갑던 어느 여름 날, 바다에 놀러 간 준페이는 물에 빠진 어린 소년 요시오를 구하기 위해 바다에 뛰어 든다. 그로부터 10여 년 후. 각자 가정을 꾸린 준페이의 동생들 료타와 지나미는 매년 여름 가족들과 함께 고향집으로 향한다. 다시 올 수 없는 단 한 사람, 준페이를 기리기 위해… 그리고 그 자리에 초대받는 또 한 사람, 요시오 역시 매년 준페이의 집을 방문한다. 그 해 여름 역시 준페이의 기일을 맞아 모인 가족들로 왁자지껄한 하루가 흘러갈 무렵… 요시오, 그만 와도 되지 않아요? 차남 료타는 어머니에게 이제 그만 요시오를 놓아줘도 되지 않냐는 말을 넌지시 건네고, 엄마는 그런 료타의 질문에 지난 10여 년간 숨겨왔던 진심을 쏟아내는데…",0%10 39%20 30%30 18%40 13%50
잡식가족의 딜레마,전체 관람가,8.94,다큐멘터리,106,2015.05.07 ,황윤,황윤 ,"사랑할까, 먹을까! 구제역이 전국을 휩쓸던 어느 겨울 날, 육아에 바쁘던 영화감독 윤은 살아있는 돼지를 평소에 한번도 본 적이 없었음을 깨닫고 돼지를 찾아 길을 나선다. 산골마을농장에서 돼지들의 일상을 지켜보면서 이제껏 몰랐던 돼지의 새로운 모습을 발견하게 되는데… 그런 윤에게 딜레마가 생긴다. 돼지들과 정이 들며 그들의 영리하고 사랑스러운 모습을 알게 되는 한편 농장의 이면을 알게 될수록, 그 동안 좋아했던 돈가스를 더 이상 마음 편히 먹을 수 없게 된 것. 육식파 남편 영준과 어린 아들 도영은 식단결정을 더욱 복잡하게 한다. 마트에서 반찬거리를 살 때마다, 저녁에 무엇을 먹을까 식당을 고를 때마다 갈등에 빠지게 된 윤. 이제 어떻게 해야 할까?",0%10 49%20 34%30 15%40 2%50
아메리칸 셰프,15세 관람가,8.80,코미디,114,2015.01.07 ,존 파브로,존 파브로 엠제이 안소니 소피아 베르가라 스칼렛 요한슨 더스틴 호프만 로버트 다우니 주니어 ,"일류 레스토랑의 셰프 칼 캐스퍼는 레스토랑 오너에게 메뉴 결정권을 뺏긴 후 유명음식평론가의 혹평을 받자 홧김에 트위터로 욕설을 보낸다. 이들의 썰전은 온라인 핫이슈로 등극하고 칼은 레스토랑을 그만두기에 이른다. 아무것도 남지 않은 그는 쿠바 샌드위치 푸드트럭에 도전, 그 동안 소원했던 아들과 미국 전역을 일주하던 중 문제의 평론가가 푸드트럭에 다시 찾아오는데… 과연 칼은 셰프로서의 명예를 되찾을 수 있을까?",3%10 50%20 34%30 10%40 4%50
동사서독 리덕스,15세 관람가,8.53,"드라마, 액션",93,2013.12.05 ,왕가위,장학우 장국영 장만옥 유가령 양조위 양가휘 임청하 양채니 ,"백타산의 황무지 주막에 은거하는 구양봉(장국영 분)은 암살을 사주하는 중개인. 그는 10년 전, 검객의 꿈을 위해 사랑하던 여인 자애인(장만옥 분)을 형의 여자로 내어주고 스스로 냉소적인 사람이 되었다. 그에게는 매년 복사꽃이 피는 시절이면 찾아와 함께 술을 마시고 떠나는 친구 황약사(양가휘 분)가 있고 그 역시 구양봉 만큼이나 사랑에 대한 슬픈 상처를 가지고 있다. 어느날 모룡언(임청하 분)이 찾아와 자신의 여동생과의 결혼을 어긴 황약사를 죽여달라며 구양봉을 찾아오고 검객에게 남동생을 잃었다는 완사녀(양채니 분)는 돈 한푼 없이 나귀와 달걀만으로 살인청부를 부탁한다. 점점 시력을 잃어가는 한 검객 맹무살수(양조위 분)는 돈을 벌어 고향에 돌아가겠다며 살인청부일을 자청해서 나서고 협객으로 이름을 떨치고 싶은 가난한 무사 홍칠공(장학우 분)도 구양봉의 앞에 나타나 빠른 검술로 그에게 인정받으려 한다.  이들은 하나같이 모두 아픈 과거를 잊고 새로운 삶, 새로운 사랑을 꿈꾸는 데…",6%10 41%20 41%30 12%40 0%50
문라이즈 킹덤,15세 관람가,8.15,"드라마, 코미디, 모험",94,2013.01.31 ,웨스 앤더슨,브루스 윌리스 빌 머레이 에드워드 노튼 틸다 스윈튼 프란시스 맥도맨드 자레드 길만 카라 헤이워드 ,"사고로 가족을 잃고 위탁가정을 전전하는 카키 스카우트의 문제아 '샘' 부유한 가정에서 자랐지만 친구라곤 라디오와 책, 고양이밖에 없는 외톨이 '수지' 1년 전, 교회에서 단체로 연극을 보다가 몰래 빠져나온 '샘'은 까마귀 분장을 한 '수지'에게 한눈에 반하게 되고, 그 후로 둘은 펜팔을 통해 감춰왔던 상처와 외로움을 나누며 점점 가까워진다. 서로를 보듬어주는 유일한 소울메이트이자 연인이 된 '샘'과 '수지'는 아무도 모르는 둘만의 아지트를 찾아 떠나기로 결심하고, 필요한 준비물들을 챙겨 각자 약속 장소로 향한다. 몇 시간 후 '샘'과 '수지'의 실종사건으로 인해 펜잔스 섬은 발칵 뒤집히고, 수지의 부모님과 카키 스카우트 대원들은 둘의 행방을 찾아 수색작전을 벌이기 시작하는데... 과연 '샘'과 '수지'의 애틋한 사랑은 이루어질 수 있을까?",0%10 59%20 18%30 18%40 6%50
심도,청소년 관람불가,3.00,드라마,121,2011.03.17 ,하마구치 류스케,김민준 이시다 호시 박소희 최다연 ,"대학동기 ‘길수’의 결혼식을 축하해주러 온 유명한 사진작가 ‘배환’. 그러나 도망 간 신부 덕분에 결혼식은 엉망이 되고 배환은 길수를 위로하기 위해 며칠 더 일본에 머물기 로 한다. 길수의 아내를 대신해 스튜디오에서 촬영을 대신해주던 어느 날, 배환은 프로필 사진을 찍어달라고 찾아온 콜보이 소년 ‘류’에게 매료된다. 훌륭한 모델이 될 수 있다며 한국으로 함께 가자고 제안하는 배환. 본의 아니게 살인사건에 휘말려 탈출구가 필요했던 류는 배환과의 동행을 선택한다.",0%10 100%20 0%30 0%40 0%50
에로스,청소년 관람불가,6.84,드라마,108,2005.06.30 ,"왕가위, 
								
									스티븐 소더버그, 
								
									미켈란젤로 안토니오니",공리 장첸 ,"‘그녀의 손길’ - 왕가위 감독. 재단사인 장은 오래 전 그날 일을 잊지 못한다. 아직 견습생이던 시절, 고급 콜걸인 후아가 그녀에게 심부름을 간 자신의 다리를 쓰다듬던 그 순간을... 그 일 이후, 장은 후아의 부드러운 손길이 닿던 촉감을 간직한 채 혼자만의 사랑을 키워 나간다. 그러나 후아의 전담 재단사일 뿐인 장은, 다른 남자들을 위해 그녀가 입을 옷을 정성스레 만들며 그저 멀리서 그녀를 바라볼 수 밖에 없다. 세월은 흘러, 후아는 파산과 함께 병든 모습으로 이제 아무도 찾지 않는 서글픈 신세가 되어있다. 변함없이 그녀를 지켜보던 장은 이제 자신의 마음을 고백하려 하는데...그녀와 사랑할 수 있을까?  ‘꿈 속의 여인’ - 스티븐 소더버그 감독. 광고 회사에 다니면서 항상 스트레스에 시달리는 남자 닉 펜로즈는 매일 밤 똑같은 꿈을 꾼다. 왠지 낯익은 한 여자가 야릇한 몸짓을 한 채 그 앞에 나타나는 것이다. 꿈에선 분명 아는 사이인데, 깨고 나면 도통 누군지 알 수 없는 이 여인의 정체가 궁금해서 신경쇠약 직전에까지 이르게 된 닉. 결국 정신분석가를 찾아가 자신의 고민을 털어 놓게 되고, 담당 의사는 그를 눕힌 채 꿈 속의 장면을 하나씩 더듬어 가도록 하는데...  ‘위험한 관계’ - 미켈란젤로 안토니오니 감독. 권태기에 빠진 부부 크리스토퍼와 클로에는 둘만의 시간을 갖기 위해 여행을 떠난다. 하지만 이미 소원해진 두 사람은 여행지의 아름다운 풍광에도 아무런 감흥을 느끼지 못한 채, 그저 말없이 시간을 보낼 뿐이다. 그런 끝에 심하게 싸움을 하고 헤어지는 두 사람. 혼자 남은 크리스토퍼는 식당에서 만난 신비스런 여인에 이끌려 그녀와 격정적인 하룻밤을 보내게 된다. 그러던 어느 날, 인적 없는 해변가를 거닐던 클로에는 우연히 그녀와 마주치고, 둘은 한눈에 서로를 알아보는데.",0%10 67%20 11%30 11%40 11%50
여름 이야기,12세 관람가,8.12,"코미디, 멜로/로맨스",114,1998.06.13 ,에릭 로메르,멜빌 푸포 아만다 랑글렛 ,가스파르(Gaspard: 멜빌 포포드 분)는 여름날 혼자 해변에 간다. 여자 친구 레나(Lena: 오렐리아 놀린 분)가 도착하기를 기다리던 그는 식당에서 일하던 마고(Margot: 아만다 랑렛 분)와 사귄다. 가스파르는 애정공세를 펼치는 마고의 친구 솔렌느(Solene: 그웬넬리 사이몬 분)에게서도 매력을 느낀다. 레나마저 도착하자 가스파르는 세 여자 사이에서 고민한다.,10%10 26%20 58%30 3%40 3%50
로맨스 빠빠,15세 관람가,8.52,"가족, 멜로/로맨스",131,1960.01.28 ,신상옥,최은희 김진규 강신성일 김승호 주증녀 ,보험회사 사원인 그는 2남3녀의 아버지이다. 보험회사에 감원 선풍이 인다. 그는 건실한 사원이었지만 나이가 많은 탓으로 부득이 감원 대상에 들어 퇴직하게 된다. 그러나 실망할 가족들을 생각하고 그는 차마 자신이 실직하였음을 말하지 못한다. 하지만 아들 딸들은 아버지의 모든 사실을 알아차리고 오히려 모르는 척 아버지를 위로한다. 그렇게 한가족이 합심하는 사이에 경사가 잇닿는다. 특히 깨질 뻔했던 둘째 딸의 혼사가 성립된 것은 가정의 큰 경사가 아닐 수 없다. 어느덧 가정에 핀 웃음꽃이 소담스럽다.,선호도 정보 없음
OK 목장의 결투,12세 관람가,8.68,"서부, 액션, 스릴러",117,1958.01.01 ,존 스터지스,버트 랭커스터 커크 더글러스 ,"전직 치과의사였던 닥 할리데이(Dr. John 'Doc' Holliday: 커크 더글라스 분)는 서부에서 가장 빠른 총잡이면서 떠돌이 도박사로 변한다. 형의 복수를 하겠다고 대들던 악당 한 명이 닥한테 죽음을 당하자 닥은 살인죄로 갇히고, 분노한 주민들이 닥을 교수형 시키려고 하자 마침 이곳을 찾아왔던 전설적인 보안관 와이어트 어프(Wyatt Earp: 버트 랭카스터 분)의 도움으로 피신한다. 얼마 후 닥은 와이어트가 보안관으로 있는 닷지 시티에 나타나고 두 사람은 운명적으로 다시 만난다.  은행 강도범들이 닷지 시티로 오고 있다는 정보를 받은 와이어트가 조수들이 없어 난감해하자 닥이 자청해서 나서고 두 사람이 합세해서 강도범들을 처치한다. 와어어프는 보안관을 그만두고 여자 도박사인 로라(Laura Denbow: 로다 플레밍 분)와 결혼하려고 했으나 톰스톤 마을의 보안관인 동생 버질(Virgil Earp: 존 허드슨 분)의 긴급지원 요청을 받고 닥과 함께 톰스톤에 도착한다.",선호도 정보 없음
젊은이의 양지,15세 관람가,8.81,"드라마, 느와르, 멜로/로맨스",122,1953.11.26 ,조지 스티븐스,몽고메리 클리프트 엘리자베스 테일러 쉘리 윈터스 ,"조지 이스트맨(몽고메리 클리프트 분)은 가난하지만 잘 생기고 매력적이며 야망에 찬 인물로, 부유한 친척 찰스 이스트맨이 경영하는 공장에 취직하러 온 상태다. 외롭게 지내던 조지는 공장 여직원인 앨리스(셜리 윈터스)와 만나 사귀게 된다. 몇 달 후 승진하여 찰스의 소개로 사교계에 발을 들여놓게 된 조지는 눈부시게 아름다운 사교계의 꽃, 안젤라(엘리자베스 테일러)를 만나자마자 앨리스를 잊어버린다.  조지의 아이를 임신한 앨리스는 자신과 결혼하지 않으면 안젤라에게 이 사실을 폭로하겠다고 조지를 협박한다. 궁지에 몰리게 된 조지는 앨리스를 익사시키기 위해 배를 빌린다. 결국 앨리스는 익사하고 조지는 헤엄쳐서 살아나지만 경찰에 체포되고 사형을 선고받게 된다.",선호도 정보 없음
가스등 ,15세 관람가,8.56,"스릴러, 드라마",114,1948.04.21 ,조지 큐커,샤를르 보와이에 잉그리드 버그만 조셉 거튼 ,세계적인 오페라 가수인 앨리스 엘퀴스트가 자신의 집에서 살해되지만 경찰은 범인을 잡는데 실패한다. 이후 이 집을 물려받은 유일한 상속녀인 조카 폴라(잉그리드 버그만)는 이탈리아로 성악 수업을 받기 위해 보내진다. 그러나 폴라는 성악 선생님 집에서 반주를 맡고 있던 젊고 잘 생긴 청년 그레고리(찰스 보이어)와 사랑에 빠져서 중도에 공부를 포기하고 만다. 그레고리와 결혼한 폴라는 10년 만에 런던으로 돌아와 앨리스에게 물려받은 집에서 신혼 생활을 시작한다. 그러나 막상 앨리스의 집으로 들어오고 나자 그레고리는 갖가지 구실을 붙여서 폴라의 외출을 막는 한편 그녀를 정신이상자로 몰고 가기 시작한다. 그레고리는 실제 보석 도둑이자 폴라의 아주머니인 앨리스의 살인범으로 그녀가 지니고 있던 유명한 보석을 가로채기 위해 폴라에게 접근했던 것이다. 그레고리의 교묘한 속임수로 인해 폴라는 자신이 사소한 물건을 잃어버리거나 남편의 시계를 훔치고도 기억하지 못한다고 여기게 되고 점점 심리적으로 불안한 상태가 되어간다. 한편 밤마다 방 안의 가스등이 희미해지고 다락방에서 소음이 들리자 폴라는 이 사실을 남편에게 말하지만 그레고리는 오히려 폴라가 상상 속에서 꾸며낸 일이라며 그녀를 미쳤다고 몰아세운다. 그런데 예전에 앨리스의 팬이었던 런던 경시청의 브라이언 경위(조셉 코튼)가 그레고리의 수상한 행동을 목격하고 의심하게 되면서 해결의 실마리가 풀리게 된다. 폴라를 찾아온 브라이언은 희미해지는 가스등과 미심쩍은 발자국 소리에 관한 그녀의 얘길 듣고 사건의 진상을 추리해 낸다. 그레고리는 밤마다 근처의 빈집을 통해 자신의 집으로 건너온 뒤 다락방으로 숨어들어 앨리스의 보석을 몰래 찾고 있었던 것이다. 마침내 폴라는 그레고리의 정체를 밝혀내고 자신을 되찾게 된다.,선호도 정보 없음
